"PersonalID","FirstName","MiddleName","LastName","NameSuffix","NameDataQuality","SSN","SSNDataQuality","DOB","DOBDataQuality","Sex","AmIndAKNative","Asian","BlackAfAmerican","HispanicLatinao","MidEastNAfrican","NativeHIPacific","White","RaceNone","AdditionalRaceEthnicity","VeteranStatus","YearEnteredService","YearSeparated","WorldWarII","KoreanWar","VietnamWar","DesertStorm","AfghanistanOEF","IraqOIF","IraqOND","OtherTheater","MilitaryBranch","DischargeStatus","DateCreated","DateUpdated","UserID","DateDeleted","ExportID"
"8dcc33fe5a91428da348d0ef76fae015","Bill","Smith","Weston",,1,234213235,1,1994-01-05,1,,0,1,0,0,0,0,1,,,0,,,,,,,,,,,,,"2015-05-11 14:20:02","2024-08-13 01:56:47","1",,"56947"
"c511e641301243d9a79d760de0bc0189","Valerie","Smith","Barranco",,1,765654323,1,1960-01-01,1,,0,0,0,0,0,0,1,,,0,,,,,,,,,,,,,"2015-08-06 11:49:57","2015-08-06 13:46:55","799",,"56947"
"f3a14ef1afd048239e45027c5f3cd4bc","Marcos","Smythe","Nieve",,1,876765654,1,1960-01-01,1,,0,0,0,0,0,0,1,,,0,,,,,,,,,,,,,"2015-08-06 11:55:10","2015-08-06 11:55:52","2405",,"56947"
"aef9794a518642bbbfba37f024960f20","Tracy",,"Lee",,1,668987621,1,1960-01-01,1,,0,0,0,0,0,0,1,,,0,,,,,,,,,,,,,"2015-10-06 11:28:22","2015-10-06 11:32:58","2599",,"56947"
