PersonalID,Woman,Man,NonBinary,CulturallySpecific,Transgender,Questioning,DifferentIdentity,GenderNone,DifferentIdentityText,UserID,DateCreated,DateUpdated,DateDeleted,ExportID
"8dcc33fe5a91428da348d0ef76fae015",0,1,0,0,0,0,0,,,"1",2015-05-11 14:20:02,2024-08-13 01:56:47,,"56947"
"c511e641301243d9a79d760de0bc0189",0,1,0,0,0,0,0,,,"799",2015-08-06 11:49:57,2015-08-06 13:46:55,,"56947"
"f3a14ef1afd048239e45027c5f3cd4bc",1,0,0,0,0,0,0,,,"2405",2015-08-06 11:55:10,2015-08-06 11:55:52,,"56947"
"aef9794a518642bbbfba37f024960f20",0,1,0,0,0,0,0,,,"2599",2015-10-06 11:28:22,2015-10-06 11:32:58,,"56947"
