HealthAndDVID,EnrollmentID,PersonalID,InformationDate,DomesticViolenceSurvivor,WhenOccurred,CurrentlyFleeing,GeneralHealthStatus,DentalHealthStatus,MentalHealthStatus,PregnancyStatus,DueDate,DataCollectionStage,DateCreated,DateUpdated,UserID,DateDeleted,ExportID
"253792","165428","8dcc33fe5a91428da348d0ef76fae015",2015-03-01,,,,,,,,,1,2015-03-19 16:39:11,2015-03-19 16:39:11,"799",,"56947"
"281090","181982","8dcc33fe5a91428da348d0ef76fae015",2015-07-01,,,,,,,,,1,2015-07-15 10:22:00,2015-12-01 08:06:10,"799",,"56947"
"308540","185306","aef9794a518642bbbfba37f024960f20",2015-08-01,,,,,,,,,1,2015-08-06 09:20:56,2015-08-06 09:20:56,"799",,"56947"
"308707","185433","c511e641301243d9a79d760de0bc0189",2015-08-01,0,,,,,,,,1,2015-08-06 13:48:39,2015-08-06 13:48:39,"799",,"56947"
"308708","185434","f3a14ef1afd048239e45027c5f3cd4bc",2015-08-01,0,,,,,,,,1,2015-08-06 13:49:11,2015-08-06 13:49:11,"799",,"56947"
"314952","187813","aef9794a518642bbbfba37f024960f20",2015-08-01,0,,,,,,,,1,2015-08-20 09:04:29,2015-08-20 09:04:29,"799",,"56947"
