IncomeBenefitsID,EnrollmentID,PersonalID,InformationDate,IncomeFromAnySource,TotalMonthlyIncome,Earned,EarnedAmount,Unemployment,UnemploymentAmount,SSI,SSIAmount,SSDI,SSDIAmount,VADisabilityService,VADisabilityServiceAmount,VADisabilityNonService,VADisabilityNonServiceAmount,PrivateDisability,PrivateDisabilityAmount,WorkersComp,WorkersCompAmount,TANF,TANFAmount,GA,GAAmount,SocSecRetirement,SocSecRetirementAmount,Pension,PensionAmount,ChildSupport,ChildSupportAmount,Alimony,AlimonyAmount,OtherIncomeSource,OtherIncomeAmount,OtherIncomeSourceIdentify,BenefitsFromAnySource,SNAP,WIC,TANFChildCare,TANFTransportation,OtherTANF,OtherBenefitsSource,OtherBenefitsSourceIdentify,InsuranceFromAnySource,Medicaid,NoMedicaidReason,Medicare,NoMedicareReason,SCHIP,NoSCHIPReason,VHAServices,NoVHAReason,EmployerProvided,NoEmployerProvidedReason,COBRA,NoCOBRAReason,PrivatePay,NoPrivatePayReason,StateHealthIns,NoStateHealthInsReason,IndianHealthServices,NoIndianHealthServicesReason,OtherInsurance,OtherInsuranceIdentify,ADAP,NoADAPReason,RyanWhiteMedDent,NoRyanWhiteReason,ConnectionWithSOAR,DataCollectionStage,DateCreated,DateUpdated,UserID,DateDeleted,ExportID
"281090","181982","8dcc33fe5a91428da348d0ef76fae015",2015-07-01,,,0,,0,,0,,0,,0,,0,,0,,0,,0,,0,,0,,0,,0,,0,,0,,,,0,0,0,0,0,0,,0,0,,0,,0,,0,,0,,0,,0,,0,,,,,,,,,,,1,2015-07-15 10:22:00,2015-12-01 08:06:10,"799",,"56947"
"308707","185433","c511e641301243d9a79d760de0bc0189",2015-08-01,0,,0,,0,,0,,0,,0,,0,,0,,0,,0,,0,,0,,0,,0,,0,,0,,,0,0,0,0,0,0,0,,0,0,,0,,0,,0,,0,,0,,0,,0,,,,,,,,,,,1,2015-08-06 13:48:39,2015-08-06 13:48:39,"799",,"56947"
"308708","185434","f3a14ef1afd048239e45027c5f3cd4bc",2015-08-01,0,,0,,0,,0,,0,,0,,0,,0,,0,,0,,0,,0,,0,,0,,0,,0,,,0,0,0,0,0,0,0,,0,0,,0,,0,,0,,0,,0,,0,,0,,,,,,,,,,,1,2015-08-06 13:49:11,2015-08-06 13:49:11,"799",,"56947"
"314952","187813","aef9794a518642bbbfba37f024960f20",2015-08-01,0,,0,,0,,0,,0,,0,,0,,0,,0,,0,,0,,0,,0,,0,,0,,0,,,0,0,0,0,0,0,0,,0,0,,0,,0,,0,,0,,0,,0,,0,,,,,,,,,,,1,2015-08-20 09:04:29,2015-08-20 09:04:29,"799",,"56947"
"308540","185306","aef9794a518642bbbfba37f024960f20",2015-08-01,0,,0,,0,,0,,0,,0,,0,,0,,0,,0,,0,,0,,0,,0,,0,,0,,,0,0,0,0,0,0,0,,0,0,,0,,0,,0,,,,,,,,,,,,,,,,,,,1,2015-08-06 09:20:56,2015-08-06 09:20:56,"799",,"56947"
"253792","165428","8dcc33fe5a91428da348d0ef76fae015",2015-03-01,,0.00,0,0.00,0,0.00,0,0.00,0,0.00,0,0.00,0,0.00,0,0.00,0,0.00,0,0.00,0,0.00,0,0.00,0,0.00,0,0.00,0,0.00,0,0.00,,,0,0,0,0,0,0,,0,0,,0,,0,,0,,0,,0,,0,,0,,,,,,,,,,,1,2015-03-19 16:39:11,2015-03-19 16:39:11,"799",,"56947"
